timestamp,manager_id,game_date,transaction_type,active_players,active_player_ids
2026-01-05T07:22:32.320220,1,2026-01-05,lineup_change,"Allisha Gray, Skylar Diggins, Erica Wheeler","44, 20, 28"
2026-01-05T16:08:04.527416,6,2026-01-05,lineup_change,"Chelsea Gray, Jackie Young, Monique Billings","13, 31, 12"
2026-01-05T16:08:19.752081,6,2026-01-05,lineup_change,"Chelsea Gray, Jackie Young, Monique Billings","13, 31, 12"
2026-01-05T16:08:43.394722,6,2026-01-05,lineup_change,"Chelsea Gray, Jackie Young, Monique Billings","13, 31, 12"
2026-01-05T16:17:49.761522,7,2026-01-05,lineup_change,"Marina Mabrey, Arike Ogunbowale, Natisha Hiedeman","21, 47, 10"
2026-01-05T16:47:04.771183,8,2026-01-05,lineup_change,"Sonia Citron, Azura Stevens, Aaliyah Edwards","8, 15, 22"
2026-01-05T17:06:30.912732,2,2026-01-05,lineup_change,"Breanna Stewart, Kate Martin, Dominique Malonga","43, 5, 3"
2026-01-05T17:48:15.978615,4,2026-01-05,lineup_change,"Alyssa Thomas, Naz Hillmon, Courtney Williams","33, 36, 25"
2026-01-06T17:24:28.461523,6,2026-01-09,lineup_change,"Chelsea Gray, Jackie Young, Monique Billings","13, 31, 12"
2026-01-06T17:25:11.870686,6,2026-01-10,lineup_change,"Alanna Smith, Jackie Young, Temi Fagbenle","45, 31, 49"
2026-01-06T18:15:11.726941,1,2026-01-09,lineup_change,"Erica Wheeler, Saniya Rivers, Shakira Austin","28, 11, 17"
2026-01-06T18:15:38.537924,1,2026-01-10,lineup_change,"Allisha Gray, Skylar Diggins, Cameron Brink","44, 20, 6"
2026-01-09T22:12:34.567021,5,2026-01-09,lineup_change,"Paige Bueckers, Brittney Sykes, Rae Burrell","1, 32, 29"
2026-01-09T22:13:14.238636,5,2026-01-10,lineup_change,"Veronica Burton, Tiffany Hayes, Brittney Sykes","46, 50, 32"
2026-01-09T22:13:54.358080,5,2026-01-09,lineup_change,"Paige Bueckers, Tiffany Hayes, Rae Burrell","1, 50, 29"
2026-01-09T22:13:56.805687,5,2026-01-09,lineup_change,"Paige Bueckers, Tiffany Hayes, Rae Burrell","1, 50, 29"
2026-01-09T22:13:57.862987,5,2026-01-09,lineup_change,"Paige Bueckers, Tiffany Hayes, Rae Burrell","1, 50, 29"
2026-01-09T22:14:15.421645,8,2026-01-09,lineup_change,"Dearica Hamby, Sonia Citron, Azura Stevens","27, 8, 15"
2026-01-09T22:14:51.875656,2,2026-01-09,lineup_change,"Ezi Magbegor, Kate Martin, Dominique Malonga","9, 5, 3"
2026-01-09T22:14:57.258639,2,2026-01-09,lineup_change,"Ezi Magbegor, Kate Martin, Dominique Malonga","9, 5, 3"
2026-01-09T22:15:03.249086,8,2026-01-10,lineup_change,"Dearica Hamby, Sonia Citron, Azura Stevens","27, 8, 15"
2026-01-09T22:17:13.675259,8,2026-01-10,lineup_change,"Jordin Canada, Aaliyah Edwards, Maddy Siegrist","34, 22, 35"
2026-01-09T22:20:42.249068,4,2026-01-09,lineup_change,"Brittney Griner, Courtney Williams, Sug Sutton","30, 25, 18"
2026-01-09T23:32:02.767441,3,2026-01-09,lineup_change,"Kelsey Plum, Kelsey Mitchell, Aliyah Boston","37, 7, 39"
2026-01-09T23:32:04.375818,3,2026-01-09,lineup_change,"Kelsey Plum, Kelsey Mitchell, Aliyah Boston","37, 7, 39"
2026-01-09T23:38:56.955146,3,2026-01-09,lineup_change,"Kelsey Mitchell, Rickea Jackson, Li Yueru","7, 2, 48"
2026-01-09T23:38:59.134665,3,2026-01-09,lineup_change,"Kelsey Mitchell, Rickea Jackson, Li Yueru","7, 2, 48"
2026-01-09T23:39:03.763691,3,2026-01-09,lineup_change,"Kelsey Mitchell, Rickea Jackson, Li Yueru","7, 2, 48"
2026-01-09T23:40:04.943225,3,2026-01-10,lineup_change,"Kelsey Plum, Natasha Cloud, Aliyah Boston","37, 41, 39"
2026-01-10T00:12:19.679045,4,2026-01-10,lineup_change,"Alyssa Thomas, Naz Hillmon, Rebecca Allen","33, 36, 24"
2026-01-10T00:12:45.851320,7,2026-01-10,lineup_change,"Kiki Iriafen, Marina Mabrey, Arike Ogunbowale","42, 21, 47"
2026-01-10T00:47:45.779287,7,2026-01-10,lineup_change,"Rhyne Howard, Marina Mabrey, Arike Ogunbowale","26, 21, 47"
2026-01-10T00:47:47.762616,7,2026-01-10,lineup_change,"Rhyne Howard, Marina Mabrey, Arike Ogunbowale","26, 21, 47"
2026-01-10T00:47:51.341648,7,2026-01-10,lineup_change,"Rhyne Howard, Marina Mabrey, Arike Ogunbowale","26, 21, 47"
2026-01-10T00:47:54.105069,7,2026-01-10,lineup_change,"Rhyne Howard, Marina Mabrey, Arike Ogunbowale","26, 21, 47"
2026-01-10T03:48:17.764431,5,2026-01-11,lineup_change,"Paige Bueckers, Tiffany Hayes, Rae Burrell","1, 50, 29"
2026-01-10T03:48:20.656173,5,2026-01-11,lineup_change,"Paige Bueckers, Tiffany Hayes, Rae Burrell","1, 50, 29"
2026-01-10T03:48:52.193348,5,2026-01-10,lineup_change,"Veronica Burton, Tiffany Hayes, Brittney Sykes","46, 50, 32"
2026-01-10T03:48:55.623250,5,2026-01-10,lineup_change,"Veronica Burton, Tiffany Hayes, Brittney Sykes","46, 50, 32"
2026-01-10T03:48:57.286266,5,2026-01-10,lineup_change,"Veronica Burton, Tiffany Hayes, Brittney Sykes","46, 50, 32"
2026-01-10T03:48:58.748039,5,2026-01-10,lineup_change,"Veronica Burton, Tiffany Hayes, Brittney Sykes","46, 50, 32"
2026-01-10T03:48:59.646876,5,2026-01-10,lineup_change,"Veronica Burton, Tiffany Hayes, Brittney Sykes","46, 50, 32"
2026-01-10T03:49:00.667374,5,2026-01-10,lineup_change,"Veronica Burton, Tiffany Hayes, Brittney Sykes","46, 50, 32"
2026-01-10T03:49:01.687403,5,2026-01-10,lineup_change,"Veronica Burton, Tiffany Hayes, Brittney Sykes","46, 50, 32"
2026-01-10T03:49:02.468308,5,2026-01-10,lineup_change,"Veronica Burton, Tiffany Hayes, Brittney Sykes","46, 50, 32"
2026-01-10T03:49:03.364228,5,2026-01-10,lineup_change,"Veronica Burton, Tiffany Hayes, Brittney Sykes","46, 50, 32"
2026-01-10T03:49:13.172142,5,2026-01-10,lineup_change,"Veronica Burton, Tiffany Hayes, Brittney Sykes","46, 50, 32"
2026-01-10T03:49:16.366407,5,2026-01-10,lineup_change,"Tiffany Hayes, Brittney Sykes, Rae Burrell","50, 32, 29"
2026-01-10T03:49:17.502524,5,2026-01-10,lineup_change,"Tiffany Hayes, Brittney Sykes, Rae Burrell","50, 32, 29"
2026-01-10T03:49:34.680784,5,2026-01-10,lineup_change,"Veronica Burton, Tiffany Hayes, Brittney Sykes","46, 50, 32"
2026-01-10T03:49:35.822079,5,2026-01-10,lineup_change,"Veronica Burton, Tiffany Hayes, Brittney Sykes","46, 50, 32"
2026-01-10T03:49:37.052567,5,2026-01-10,lineup_change,"Veronica Burton, Tiffany Hayes, Brittney Sykes","46, 50, 32"
2026-01-10T05:31:42.029040,4,2026-01-10,lineup_change,"Alyssa Thomas, Naz Hillmon, Rebecca Allen","33, 36, 24"
2026-01-10T05:31:43.396092,4,2026-01-10,lineup_change,"Alyssa Thomas, Naz Hillmon, Rebecca Allen","33, 36, 24"
2026-01-10T05:32:06.141013,4,2026-01-11,lineup_change,"Brittney Griner, Courtney Williams, Sug Sutton","30, 25, 18"
2026-01-10T05:32:34.253112,4,2026-01-12,lineup_change,"Alyssa Thomas, Naz Hillmon, Rebecca Allen","33, 36, 24"
2026-01-10T05:33:00.873216,3,2026-01-10,lineup_change,"Kelsey Plum, Natasha Cloud, Aliyah Boston","37, 41, 39"
2026-01-10T06:05:45.945670,2,2026-01-10,lineup_change,"Breanna Stewart, Ezi Magbegor, Dominique Malonga","43, 9, 3"
2026-01-10T19:59:33.247971,1,2026-01-11,lineup_change,"Erica Wheeler, Saniya Rivers, Cameron Brink","28, 11, 6"
2026-01-10T20:00:14.074297,1,2026-01-12,lineup_change,"Allisha Gray, Skylar Diggins, Cameron Brink","44, 20, 6"
2026-01-11T19:15:54.571740,6,2026-01-11,lineup_change,"Chelsea Gray, Jackie Young, Monique Billings","13, 31, 12"
2026-01-11T19:16:56.918510,6,2026-01-12,lineup_change,"Alanna Smith, Jackie Young, Temi Fagbenle","45, 31, 49"
2026-01-11T20:16:42.986946,2,2026-01-11,lineup_change,"Kahleah Copper, Ezi Magbegor, Dominique Malonga","14, 9, 3"
2026-01-11T20:18:18.981713,2,2026-01-11,lineup_change,"Ezi Magbegor, Kate Martin, Dominique Malonga","9, 5, 3"
2026-01-11T20:18:24.048994,2,2026-01-11,lineup_change,"Ezi Magbegor, Kate Martin, Dominique Malonga","9, 5, 3"
2026-01-11T23:05:24.128679,8,2026-01-11,lineup_change,"Dearica Hamby, Sonia Citron, Azura Stevens","27, 8, 15"
2026-01-11T23:10:18.286913,7,2026-01-11,lineup_change,"Rhyne Howard, Natisha Hiedeman, Lexie Hull","26, 10, 16"
2026-01-11T23:35:35.366644,3,2026-01-11,lineup_change,"Kelsey Mitchell, Rickea Jackson, Li Yueru","7, 2, 48"
2026-01-11T23:35:40.429373,3,2026-01-11,lineup_change,"Kelsey Mitchell, Rickea Jackson, Li Yueru","7, 2, 48"
2026-01-11T23:36:13.262120,3,2026-01-12,lineup_change,"Kelsey Plum, Natasha Cloud, Aliyah Boston","37, 41, 39"
2026-01-11T23:37:07.004299,3,2026-01-16,lineup_change,"Kelsey Plum, Kelsey Mitchell, Aliyah Boston","37, 7, 39"
2026-01-11T23:37:09.056765,3,2026-01-16,lineup_change,"Kelsey Plum, Kelsey Mitchell, Aliyah Boston","37, 7, 39"
2026-01-12T15:23:47.256115,8,2026-01-12,lineup_change,"Jordin Canada, Aaliyah Edwards, Maddy Siegrist","34, 22, 35"
2026-01-12T15:25:16.311683,8,2026-01-16,lineup_change,"Sonia Citron, Azura Stevens, Jordin Canada","8, 15, 34"
2026-01-12T15:26:56.305620,8,2026-01-17,lineup_change,"Dearica Hamby, Azura Stevens, Aaliyah Edwards","27, 15, 22"
2026-01-12T15:27:51.808042,8,2026-01-18,lineup_change,"Sonia Citron, Azura Stevens, Jordin Canada","8, 15, 34"
2026-01-12T18:54:40.856700,6,2026-01-12,lineup_change,"Alanna Smith, Jackie Young, Temi Fagbenle","45, 31, 49"
2026-01-13T00:59:20.631344,7,2026-01-13,lineup_change,"Rhyne Howard, Natisha Hiedeman, Lexie Hull","26, 10, 16"
2026-01-13T15:17:41.335142,4,2026-01-16,lineup_change,"Alyssa Thomas, Naz Hillmon, Sug Sutton","33, 36, 18"
2026-01-13T15:17:54.638074,4,2026-01-17,lineup_change,"Brittney Griner, Courtney Williams, Rebecca Allen","30, 25, 24"
2026-01-13T15:18:12.729661,4,2026-01-18,lineup_change,"Alyssa Thomas, Naz Hillmon, Sug Sutton","33, 36, 18"
2026-01-13T15:18:28.132858,4,2026-01-19,lineup_change,"Brittney Griner, Courtney Williams, Rebecca Allen","30, 25, 24"
2026-01-15T03:32:55.154132,1,2026-01-16,lineup_change,"Allisha Gray, Saniya Rivers, Shakira Austin","44, 11, 17"
2026-01-15T03:33:17.372503,1,2026-01-17,lineup_change,"Allisha Gray, Erica Wheeler, Cameron Brink","44, 28, 6"
2026-01-15T03:33:47.761067,1,2026-01-18,lineup_change,"Allisha Gray, Saniya Rivers, Shakira Austin","44, 11, 17"
2026-01-15T03:34:09.381060,1,2026-01-19,lineup_change,"Allisha Gray, Erica Wheeler, Cameron Brink","44, 28, 6"
2026-01-15T03:34:10.675072,1,2026-01-19,lineup_change,"Allisha Gray, Erica Wheeler, Cameron Brink","44, 28, 6"
2026-01-16T04:14:46.609814,5,2026-01-16,lineup_change,"Tiffany Hayes, Brittney Sykes, Dana Evans","50, 32, 40"
2026-01-16T04:15:15.148091,5,2026-01-17,lineup_change,"Paige Bueckers, Veronica Burton, Rae Burrell","1, 46, 29"
2026-01-16T04:15:20.142448,5,2026-01-17,lineup_change,"Paige Bueckers, Veronica Burton, Rae Burrell","1, 46, 29"
2026-01-16T04:15:41.404726,8,2026-01-16,lineup_change,"Sonia Citron, Azura Stevens, Maddy Siegrist","8, 15, 35"
2026-01-16T04:15:51.674932,8,2026-01-16,lineup_change,"Sonia Citron, Azura Stevens, Maddy Siegrist","8, 15, 35"
2026-01-16T04:16:03.384539,5,2026-01-19,lineup_change,"Paige Bueckers, Veronica Burton, Rae Burrell","1, 46, 29"
2026-01-16T04:16:47.736963,8,2026-01-17,lineup_change,"Dearica Hamby, Aaliyah Edwards, Maddy Siegrist","27, 22, 35"
2026-01-16T04:17:14.556479,8,2026-01-18,lineup_change,"Sonia Citron, Azura Stevens, Maddy Siegrist","8, 15, 35"
2026-01-16T04:17:54.161085,8,2026-01-19,lineup_change,"Dearica Hamby, Sonia Citron, Aaliyah Edwards","27, 8, 22"
2026-01-16T04:18:04.348547,5,2026-01-18,lineup_change,"Tiffany Hayes, Brittney Sykes, Dana Evans","50, 32, 40"
2026-01-16T04:18:07.895329,5,2026-01-18,lineup_change,"Tiffany Hayes, Brittney Sykes, Dana Evans","50, 32, 40"
2026-01-16T18:31:05.654030,6,2026-01-16,lineup_change,"Chelsea Gray, Jackie Young, Monique Billings","13, 31, 12"
2026-01-16T18:31:57.933306,6,2026-01-17,lineup_change,"Alanna Smith, Temi Fagbenle, Rachel Banham","45, 49, 23"
2026-01-16T18:32:29.088927,6,2026-01-18,lineup_change,"Chelsea Gray, Jackie Young, Monique Billings","13, 31, 12"
2026-01-16T18:32:53.055535,6,2026-01-19,lineup_change,"Alanna Smith, Temi Fagbenle, Rachel Banham","45, 49, 23"
2026-01-16T19:15:59.474906,3,2026-01-16,lineup_change,"Kelsey Plum, Kelsey Mitchell, Aliyah Boston","37, 7, 39"
2026-01-16T19:16:34.391729,3,2026-01-17,lineup_change,"Kelsey Mitchell, Rickea Jackson, Li Yueru","7, 2, 48"
2026-01-16T19:17:08.849967,3,2026-01-18,lineup_change,"Kelsey Plum, Kelsey Mitchell, Aliyah Boston","37, 7, 39"
2026-01-16T19:17:11.687309,3,2026-01-18,lineup_change,"Kelsey Plum, Kelsey Mitchell, Aliyah Boston","37, 7, 39"
2026-01-16T19:17:48.247066,3,2026-01-19,lineup_change,"Kelsey Plum, Kelsey Mitchell, Li Yueru","37, 7, 48"
2026-01-16T23:24:33.259486,2,2026-01-16,lineup_change,"Kahleah Copper, Ezi Magbegor, Dominique Malonga","14, 9, 3"
2026-01-16T23:25:14.723495,2,2026-01-17,lineup_change,"Breanna Stewart, Kate Martin, Dominique Malonga","43, 5, 3"
2026-01-18T00:31:53.282735,3,2026-01-18,lineup_change,"Kelsey Plum, Kelsey Mitchell, Aliyah Boston","37, 7, 39"
2026-01-18T00:32:21.587938,3,2026-01-19,lineup_change,"Natasha Cloud, Rickea Jackson, Li Yueru","41, 2, 48"
2026-01-18T00:33:19.951667,3,2026-01-23,lineup_change,"Kelsey Plum, Natasha Cloud, Aliyah Boston","37, 41, 39"
2026-01-18T00:33:57.934276,3,2026-01-24,lineup_change,"Kelsey Mitchell, Rickea Jackson, Li Yueru","7, 2, 48"
2026-01-18T00:34:24.444902,3,2026-01-25,lineup_change,"Kelsey Plum, Li Yueru, Aliyah Boston","37, 48, 39"
2026-01-18T00:35:00.391242,3,2026-01-26,lineup_change,"Kelsey Mitchell, Rickea Jackson, Li Yueru","7, 2, 48"
2026-01-18T00:35:45.524405,3,2026-01-30,lineup_change,"Kelsey Plum, Rickea Jackson, Aliyah Boston","37, 2, 39"
2026-01-18T01:28:53.590072,2,2026-01-18,lineup_change,"Breanna Stewart, Kahleah Copper, Ezi Magbegor","43, 14, 9"
2026-01-19T00:15:33.587358,7,2026-01-19,lineup_change,"Rhyne Howard, Kiki Iriafen, Marina Mabrey","26, 42, 21"
2026-01-19T22:23:55.041946,2,2026-01-19,lineup_change,"Breanna Stewart, Kate Martin, Dominique Malonga","43, 5, 3"
2026-01-20T16:44:00.505251,5,2026-01-23,lineup_change,"Veronica Burton, Tiffany Hayes, Rae Burrell","46, 50, 29"
2026-01-20T16:44:37.165244,5,2026-01-24,lineup_change,"Paige Bueckers, Tiffany Hayes, Brittney Sykes","1, 50, 32"
2026-01-20T16:44:39.123749,5,2026-01-24,lineup_change,"Paige Bueckers, Tiffany Hayes, Brittney Sykes","1, 50, 32"
2026-01-20T16:44:41.850223,5,2026-01-24,lineup_change,"Paige Bueckers, Tiffany Hayes, Brittney Sykes","1, 50, 32"
2026-01-20T16:44:42.952439,5,2026-01-24,lineup_change,"Paige Bueckers, Tiffany Hayes, Brittney Sykes","1, 50, 32"
2026-01-20T16:44:58.813492,5,2026-01-25,lineup_change,"Veronica Burton, Tiffany Hayes, Rae Burrell","46, 50, 29"
2026-01-20T16:45:00.947245,5,2026-01-25,lineup_change,"Veronica Burton, Tiffany Hayes, Rae Burrell","46, 50, 29"
2026-01-20T16:45:30.117671,5,2026-01-26,lineup_change,"Paige Bueckers, Veronica Burton, Brittney Sykes","1, 46, 32"
2026-01-20T16:45:32.513763,5,2026-01-26,lineup_change,"Paige Bueckers, Veronica Burton, Brittney Sykes","1, 46, 32"
2026-01-22T21:09:55.485915,1,2026-01-23,lineup_change,"Allisha Gray, Erica Wheeler, Shakira Austin","44, 28, 17"
2026-01-22T21:10:10.255846,1,2026-01-24,lineup_change,"Skylar Diggins, Saniya Rivers, Cameron Brink","20, 11, 6"
2026-01-22T21:10:28.961120,1,2026-01-25,lineup_change,"Allisha Gray, Erica Wheeler, Shakira Austin","44, 28, 17"
2026-01-22T21:10:40.070089,1,2026-01-26,lineup_change,"Skylar Diggins, Saniya Rivers, Cameron Brink","20, 11, 6"
2026-01-22T23:49:28.092953,8,2026-01-24,lineup_change,"Sonia Citron, Aaliyah Edwards, Maddy Siegrist","8, 22, 35"
2026-01-22T23:50:22.833644,8,2026-01-25,lineup_change,"Dearica Hamby, Azura Stevens, Maddy Siegrist","27, 15, 35"
2026-01-22T23:51:06.900040,8,2026-01-25,lineup_change,"Dearica Hamby, Azura Stevens, Maddy Siegrist","27, 15, 35"
2026-01-22T23:51:33.009521,8,2026-01-26,lineup_change,"Sonia Citron, Jordin Canada, Maddy Siegrist","8, 34, 35"
2026-01-22T23:52:11.498888,8,2026-01-26,lineup_change,"Sonia Citron, Jordin Canada, Maddy Siegrist","8, 34, 35"
2026-01-22T23:53:38.417181,4,2026-01-23,lineup_change,"Brittney Griner, Courtney Williams, Sug Sutton","30, 25, 18"
2026-01-22T23:53:50.404409,8,2026-01-23,lineup_change,"Dearica Hamby, Sonia Citron, Azura Stevens","27, 8, 15"
2026-01-22T23:54:04.625941,4,2026-01-24,lineup_change,"Alyssa Thomas, Naz Hillmon, Rebecca Allen","33, 36, 24"
2026-01-22T23:54:24.047855,4,2026-01-25,lineup_change,"Brittney Griner, Courtney Williams, Sug Sutton","30, 25, 18"
2026-01-22T23:54:41.006136,8,2026-01-24,lineup_change,"Sonia Citron, Jordin Canada, Aaliyah Edwards","8, 34, 22"
2026-01-22T23:54:42.444672,6,2026-01-23,lineup_change,"Chelsea Gray, Alanna Smith, Jackie Young","13, 45, 31"
2026-01-22T23:54:45.702586,4,2026-01-26,lineup_change,"Alyssa Thomas, Naz Hillmon, Rebecca Allen","33, 36, 24"
2026-01-22T23:55:05.636163,6,2026-01-24,lineup_change,"Jackie Young, Temi Fagbenle, Monique Billings","31, 49, 12"
2026-01-22T23:55:16.089820,2,2026-01-23,lineup_change,"Breanna Stewart, Kahleah Copper, Dominique Malonga","43, 14, 3"
2026-01-22T23:55:20.007811,2,2026-01-23,lineup_change,"Breanna Stewart, Kahleah Copper, Dominique Malonga","43, 14, 3"
2026-01-22T23:55:24.285564,8,2026-01-25,lineup_change,"Dearica Hamby, Azura Stevens, Maddy Siegrist","27, 15, 35"
2026-01-22T23:55:31.873438,6,2026-01-25,lineup_change,"Chelsea Gray, Alanna Smith, Monique Billings","13, 45, 12"
2026-01-22T23:55:54.683796,8,2026-01-26,lineup_change,"Sonia Citron, Jordin Canada, Aaliyah Edwards","8, 34, 22"
2026-01-22T23:55:55.582179,6,2026-01-26,lineup_change,"Jackie Young, Temi Fagbenle, Monique Billings","31, 49, 12"
2026-01-23T23:52:40.893650,7,2026-01-23,lineup_change,"Rhyne Howard, Kiki Iriafen, Marina Mabrey","26, 42, 21"
2026-01-28T00:47:23.021013,2,2026-01-30,lineup_change,"Kahleah Copper, Kate Martin, Dominique Malonga","14, 5, 3"
2026-01-29T04:04:56.946243,5,2026-01-30,lineup_change,"Paige Bueckers, Tiffany Hayes, Dana Evans","1, 50, 40"
2026-01-29T04:05:31.813838,5,2026-01-31,lineup_change,"Veronica Burton, Brittney Sykes, Rae Burrell","46, 32, 29"
2026-01-29T04:05:35.472582,5,2026-01-31,lineup_change,"Veronica Burton, Brittney Sykes, Rae Burrell","46, 32, 29"
2026-01-29T04:05:37.661699,5,2026-01-31,lineup_change,"Veronica Burton, Brittney Sykes, Rae Burrell","46, 32, 29"
2026-01-29T04:05:39.948171,5,2026-01-31,lineup_change,"Veronica Burton, Brittney Sykes, Rae Burrell","46, 32, 29"
2026-01-29T04:06:32.429855,5,2026-02-01,lineup_change,"Paige Bueckers, Tiffany Hayes, Dana Evans","1, 50, 40"
2026-01-29T04:06:36.361385,5,2026-02-01,lineup_change,"Paige Bueckers, Tiffany Hayes, Dana Evans","1, 50, 40"
2026-01-29T04:06:38.205312,5,2026-02-01,lineup_change,"Paige Bueckers, Tiffany Hayes, Dana Evans","1, 50, 40"
2026-01-29T04:07:05.071382,5,2026-02-02,lineup_change,"Veronica Burton, Brittney Sykes, Rae Burrell","46, 32, 29"
2026-01-29T04:07:07.814784,5,2026-02-02,lineup_change,"Veronica Burton, Brittney Sykes, Rae Burrell","46, 32, 29"
2026-01-29T04:07:09.406890,5,2026-02-02,lineup_change,"Veronica Burton, Brittney Sykes, Rae Burrell","46, 32, 29"
2026-01-30T14:20:30.794195,8,2026-01-30,lineup_change,"Azura Stevens, Aaliyah Edwards, Maddy Siegrist","15, 22, 35"
2026-01-30T14:21:09.346041,8,2026-01-31,lineup_change,"Dearica Hamby, Sonia Citron, Maddy Siegrist","27, 8, 35"
2026-01-30T14:21:52.849050,8,2026-02-01,lineup_change,"Sonia Citron, Azura Stevens, Aaliyah Edwards","8, 15, 22"
2026-01-30T14:22:19.533020,8,2026-02-02,lineup_change,"Dearica Hamby, Sonia Citron, Jordin Canada","27, 8, 34"
2026-01-30T14:29:10.558136,8,2026-01-30,lineup_change,"Azura Stevens, Jordin Canada, Aaliyah Edwards","15, 34, 22"
2026-01-30T14:29:27.784084,8,2026-01-31,lineup_change,"Dearica Hamby, Sonia Citron, Jordin Canada","27, 8, 34"
2026-01-30T20:05:42.510877,6,2026-01-30,lineup_change,"Chelsea Gray, Temi Fagbenle, Rachel Banham","13, 49, 23"
2026-01-30T20:06:11.775828,6,2026-01-31,lineup_change,"Alanna Smith, Jackie Young, Monique Billings","45, 31, 12"
2026-01-30T20:06:34.264956,6,2026-02-01,lineup_change,"Chelsea Gray, Temi Fagbenle, Rachel Banham","13, 49, 23"
2026-01-30T20:07:26.169393,6,2026-02-02,lineup_change,"Alanna Smith, Jackie Young, Monique Billings","45, 31, 12"
2026-01-30T22:34:24.573766,1,2026-01-30,lineup_change,"Skylar Diggins, Shakira Austin, Cameron Brink","20, 17, 6"
2026-01-30T22:34:47.108248,1,2026-01-31,lineup_change,"Allisha Gray, Erica Wheeler, Saniya Rivers","44, 28, 11"
2026-01-30T22:35:13.017724,1,2026-02-01,lineup_change,"Skylar Diggins, Shakira Austin, Cameron Brink","20, 17, 6"
2026-01-30T22:35:32.854971,1,2026-02-02,lineup_change,"Allisha Gray, Erica Wheeler, Saniya Rivers","44, 28, 11"
2026-01-30T22:39:57.993023,2,2026-01-30,lineup_change,"Kahleah Copper, Kate Martin, Dominique Malonga","14, 5, 3"
2026-01-30T23:24:51.452018,3,2026-01-30,lineup_change,"Kelsey Plum, Natasha Cloud, Aliyah Boston","37, 41, 39"
2026-01-30T23:24:53.330870,3,2026-01-30,lineup_change,"Kelsey Plum, Natasha Cloud, Aliyah Boston","37, 41, 39"
2026-01-30T23:25:21.657938,3,2026-01-31,lineup_change,"Kelsey Mitchell, Rickea Jackson, Li Yueru","7, 2, 48"
2026-01-30T23:25:59.098709,3,2026-02-01,lineup_change,"Kelsey Plum, Natasha Cloud, Aliyah Boston","37, 41, 39"
2026-01-30T23:26:24.063184,3,2026-02-02,lineup_change,"Kelsey Mitchell, Rickea Jackson, Li Yueru","7, 2, 48"
2026-01-30T23:26:25.233547,3,2026-02-02,lineup_change,"Kelsey Mitchell, Rickea Jackson, Li Yueru","7, 2, 48"
2026-01-30T23:26:29.263448,3,2026-02-02,lineup_change,"Kelsey Mitchell, Rickea Jackson, Li Yueru","7, 2, 48"
2026-01-30T23:26:30.683452,3,2026-02-02,lineup_change,"Kelsey Mitchell, Rickea Jackson, Li Yueru","7, 2, 48"
2026-01-30T23:26:47.203139,3,2026-01-31,lineup_change,"Kelsey Mitchell, Rickea Jackson, Li Yueru","7, 2, 48"
2026-01-30T23:26:49.867486,3,2026-01-31,lineup_change,"Kelsey Mitchell, Rickea Jackson, Li Yueru","7, 2, 48"
2026-01-31T00:21:17.146470,4,2026-01-31,lineup_change,"Alyssa Thomas, Brittney Griner, Naz Hillmon","33, 30, 36"
2026-01-31T00:21:47.085938,4,2026-01-31,lineup_change,"Alyssa Thomas, Naz Hillmon, Courtney Williams","33, 36, 25"
2026-01-31T00:21:49.757264,4,2026-01-31,lineup_change,"Alyssa Thomas, Naz Hillmon, Courtney Williams","33, 36, 25"
2026-01-31T00:23:35.779911,4,2026-02-01,lineup_change,"Courtney Williams, Sug Sutton, Rebecca Allen","25, 18, 24"
2026-01-31T00:23:56.749226,4,2026-02-02,lineup_change,"Alyssa Thomas, Naz Hillmon, Courtney Williams","33, 36, 25"
2026-02-01T03:18:59.506060,2,2026-02-01,lineup_change,"Kahleah Copper, Kate Martin, Dominique Malonga","14, 5, 3"
2026-02-03T19:00:30.856495,2,2026-02-06,lineup_change,"Ezi Magbegor, Kate Martin, Dominique Malonga","9, 5, 3"
2026-02-06T21:37:17.188404,5,2026-02-06,lineup_change,"Paige Bueckers, Brittney Sykes, Rae Burrell","1, 32, 29"
2026-02-06T21:37:55.653416,5,2026-02-07,lineup_change,"Veronica Burton, Tiffany Hayes, Rae Burrell","46, 50, 29"
2026-02-06T21:38:22.188595,5,2026-02-09,lineup_change,"Veronica Burton, Tiffany Hayes, Rae Burrell","46, 50, 29"
2026-02-06T22:15:33.276021,1,2026-02-06,lineup_change,"Skylar Diggins, Saniya Rivers, Cameron Brink","20, 11, 6"
2026-02-06T22:15:55.228502,1,2026-02-07,lineup_change,"Allisha Gray, Erica Wheeler, Shakira Austin","44, 28, 17"
2026-02-06T22:16:27.969976,1,2026-02-09,lineup_change,"Allisha Gray, Erica Wheeler, Shakira Austin","44, 28, 17"
2026-02-06T22:24:21.479772,8,2026-02-06,lineup_change,"Sonia Citron, Aaliyah Edwards, Maddy Siegrist","8, 22, 35"
2026-02-06T22:25:03.341432,8,2026-02-07,lineup_change,"Dearica Hamby, Azura Stevens, Aaliyah Edwards","27, 15, 22"
2026-02-06T22:25:44.377748,8,2026-02-09,lineup_change,"Dearica Hamby, Azura Stevens, Aaliyah Edwards","27, 15, 22"
2026-02-06T23:33:10.704110,2,2026-02-07,lineup_change,"Breanna Stewart, Kahleah Copper, Dominique Malonga","43, 14, 3"
2026-02-06T23:33:22.926166,2,2026-02-07,lineup_change,"Breanna Stewart, Kahleah Copper, Dominique Malonga","43, 14, 3"
2026-02-06T23:56:07.141851,6,2026-02-06,lineup_change,"Jackie Young, Temi Fagbenle, Monique Billings","31, 49, 12"
2026-02-06T23:56:42.731141,6,2026-02-07,lineup_change,"Chelsea Gray, Alanna Smith, Jackie Young","13, 45, 31"
2026-02-06T23:57:17.845727,6,2026-02-09,lineup_change,"Chelsea Gray, Alanna Smith, Jackie Young","13, 45, 31"
2026-02-06T23:58:27.380779,6,2026-02-06,lineup_change,"Jackie Young, Temi Fagbenle, Monique Billings","31, 49, 12"
2026-02-07T07:01:27.434942,3,2026-02-07,lineup_change,"Kelsey Plum, Natasha Cloud, Aliyah Boston","37, 41, 39"
2026-02-07T07:01:33.735968,3,2026-02-07,lineup_change,"Kelsey Plum, Natasha Cloud, Aliyah Boston","37, 41, 39"
2026-02-07T07:01:53.604506,3,2026-02-09,lineup_change,"Kelsey Plum, Natasha Cloud, Aliyah Boston","37, 41, 39"
2026-02-07T13:37:23.634005,4,2026-02-07,lineup_change,"Brittney Griner, Courtney Williams, Sug Sutton","30, 25, 18"
2026-02-07T13:38:09.253659,4,2026-02-09,lineup_change,"Brittney Griner, Courtney Williams, Sug Sutton","30, 25, 18"
2026-02-12T01:22:36.775251,2,2026-02-17,lineup_change,"Ezi Magbegor, Kate Martin, Dominique Malonga","9, 5, 3"
2026-02-16T01:54:47.476529,4,2026-02-17,lineup_change,"Alyssa Thomas, Naz Hillmon, Rebecca Allen","33, 36, 24"
2026-02-16T01:55:14.522151,4,2026-02-20,lineup_change,"Alyssa Thomas, Naz Hillmon, Sug Sutton","33, 36, 18"
2026-02-16T01:55:34.442020,4,2026-02-21,lineup_change,"Brittney Griner, Courtney Williams, Rebecca Allen","30, 25, 24"
2026-02-16T01:55:48.644003,4,2026-02-22,lineup_change,"Alyssa Thomas, Naz Hillmon, Sug Sutton","33, 36, 18"
2026-02-17T19:19:42.702836,5,2026-02-17,lineup_change,"Paige Bueckers, Brittney Sykes, Rae Burrell","1, 32, 29"
2026-02-17T19:19:53.257930,5,2026-02-17,lineup_change,"Paige Bueckers, Veronica Burton, Brittney Sykes","1, 46, 32"
2026-02-17T19:19:54.946577,5,2026-02-17,lineup_change,"Paige Bueckers, Veronica Burton, Brittney Sykes","1, 46, 32"
2026-02-17T19:19:57.522926,5,2026-02-17,lineup_change,"Paige Bueckers, Veronica Burton, Brittney Sykes","1, 46, 32"
2026-02-17T19:19:58.810544,5,2026-02-17,lineup_change,"Paige Bueckers, Veronica Burton, Brittney Sykes","1, 46, 32"
2026-02-17T19:21:08.248899,5,2026-02-20,lineup_change,"Tiffany Hayes, Brittney Sykes, Dana Evans","50, 32, 40"
2026-02-17T19:21:12.028453,5,2026-02-20,lineup_change,"Tiffany Hayes, Brittney Sykes, Dana Evans","50, 32, 40"
2026-02-17T19:21:13.197873,5,2026-02-20,lineup_change,"Tiffany Hayes, Brittney Sykes, Dana Evans","50, 32, 40"
2026-02-17T19:21:38.050222,5,2026-02-21,lineup_change,"Paige Bueckers, Veronica Burton, Rae Burrell","1, 46, 29"
2026-02-17T19:22:05.376360,5,2026-02-22,lineup_change,"Tiffany Hayes, Brittney Sykes, Dana Evans","50, 32, 40"
2026-02-17T19:22:09.577077,5,2026-02-22,lineup_change,"Tiffany Hayes, Brittney Sykes, Dana Evans","50, 32, 40"
2026-02-17T19:22:34.704276,5,2026-02-23,lineup_change,"Paige Bueckers, Veronica Burton, Rae Burrell","1, 46, 29"
2026-02-17T19:47:38.985290,1,2026-02-17,lineup_change,"Skylar Diggins, Shakira Austin, Cameron Brink","20, 17, 6"
2026-02-17T19:48:12.523885,1,2026-02-20,lineup_change,"Allisha Gray, Skylar Diggins, Shakira Austin","44, 20, 17"
2026-02-17T19:48:56.927337,1,2026-02-21,lineup_change,"Allisha Gray, Erica Wheeler, Saniya Rivers","44, 28, 11"
2026-02-17T19:49:20.356703,1,2026-02-22,lineup_change,"Allisha Gray, Skylar Diggins, Shakira Austin","44, 20, 17"
2026-02-17T19:49:38.342601,1,2026-02-23,lineup_change,"Skylar Diggins, Shakira Austin, Cameron Brink","20, 17, 6"
2026-02-17T20:09:16.728660,6,2026-02-17,lineup_change,"Jackie Young, Temi Fagbenle, Monique Billings","31, 49, 12"
2026-02-17T20:09:45.470097,6,2026-02-20,lineup_change,"Chelsea Gray, Jackie Young, Monique Billings","13, 31, 12"
2026-02-17T20:10:10.414500,6,2026-02-21,lineup_change,"Alanna Smith, Temi Fagbenle, Rachel Banham","45, 49, 23"
2026-02-17T20:10:28.850241,6,2026-02-22,lineup_change,"Chelsea Gray, Jackie Young, Monique Billings","13, 31, 12"
2026-02-17T20:10:30.946566,6,2026-02-22,lineup_change,"Chelsea Gray, Jackie Young, Monique Billings","13, 31, 12"
2026-02-17T20:10:59.077328,6,2026-02-23,lineup_change,"Alanna Smith, Temi Fagbenle, Rachel Banham","45, 49, 23"
2026-02-17T20:11:24.661115,6,2026-02-27,lineup_change,"Chelsea Gray, Jackie Young, Temi Fagbenle","13, 31, 49"
2026-02-17T20:12:06.278903,6,2026-02-27,lineup_change,"Chelsea Gray, Jackie Young, Monique Billings","13, 31, 12"
2026-02-17T20:12:08.075342,6,2026-02-27,lineup_change,"Chelsea Gray, Jackie Young, Monique Billings","13, 31, 12"
2026-02-17T20:12:09.186928,6,2026-02-27,lineup_change,"Chelsea Gray, Jackie Young, Monique Billings","13, 31, 12"
2026-02-17T20:12:09.731876,6,2026-02-27,lineup_change,"Chelsea Gray, Jackie Young, Monique Billings","13, 31, 12"
2026-02-17T20:27:49.089054,2,2026-02-17,lineup_change,"Ezi Magbegor, Kate Martin, Dominique Malonga","9, 5, 3"
2026-02-17T20:42:45.453007,3,2026-02-17,lineup_change,"Kelsey Mitchell, Rickea Jackson, Li Yueru","7, 2, 48"
2026-02-17T20:43:27.406630,3,2026-02-20,lineup_change,"Kelsey Plum, Natasha Cloud, Aliyah Boston","37, 41, 39"
2026-02-17T20:43:49.612389,3,2026-02-21,lineup_change,"Kelsey Plum, Rickea Jackson, Li Yueru","37, 2, 48"
2026-02-17T20:44:14.259376,3,2026-02-22,lineup_change,"Kelsey Plum, Kelsey Mitchell, Aliyah Boston","37, 7, 39"
2026-02-17T20:44:35.982983,3,2026-02-23,lineup_change,"Kelsey Plum, Rickea Jackson, Li Yueru","37, 2, 48"
2026-02-17T20:48:17.598788,8,2026-02-17,lineup_change,"Sonia Citron, Azura Stevens, Aaliyah Edwards","8, 15, 22"
2026-02-19T00:21:48.758551,2,2026-02-20,lineup_change,"Breanna Stewart, Kahleah Copper, Ezi Magbegor","43, 14, 9"
2026-02-19T00:21:51.302151,2,2026-02-20,lineup_change,"Breanna Stewart, Kahleah Copper, Ezi Magbegor","43, 14, 9"
2026-02-20T15:24:12.700414,8,2026-02-20,lineup_change,"Sonia Citron, Jordin Canada, Maddy Siegrist","8, 34, 35"
2026-02-20T15:24:36.572432,8,2026-02-21,lineup_change,"Dearica Hamby, Aaliyah Edwards, Maddy Siegrist","27, 22, 35"
2026-02-20T15:25:18.362997,8,2026-02-22,lineup_change,"Sonia Citron, Azura Stevens, Jordin Canada","8, 15, 34"
2026-02-20T15:25:50.880213,8,2026-02-23,lineup_change,"Dearica Hamby, Sonia Citron, Aaliyah Edwards","27, 8, 22"
2026-02-20T23:38:42.597640,3,2026-02-20,lineup_change,"Kelsey Plum, Natasha Cloud, Aliyah Boston","37, 41, 39"
2026-02-20T23:42:48.485027,3,2026-02-27,lineup_change,"Kelsey Plum, Natasha Cloud, Aliyah Boston","37, 41, 39"
2026-02-23T16:34:50.624672,2,2026-02-23,lineup_change,"Breanna Stewart, Kate Martin, Dominique Malonga","43, 5, 3"
2026-02-23T20:38:43.870058,3,2026-02-23,lineup_change,"Kelsey Plum, Rickea Jackson, Li Yueru","37, 2, 48"
2026-02-23T20:39:08.965492,3,2026-02-27,lineup_change,"Kelsey Plum, Kelsey Mitchell, Aliyah Boston","37, 7, 39"
2026-02-23T20:39:14.495330,3,2026-02-27,lineup_change,"Kelsey Plum, Kelsey Mitchell, Aliyah Boston","37, 7, 39"
2026-02-27T00:20:31.760168,1,2026-02-27,lineup_change,"Allisha Gray, Skylar Diggins, Shakira Austin","44, 20, 17"
2026-02-27T00:23:49.902776,1,2026-02-27,lineup_change,"Allisha Gray, Skylar Diggins, Shakira Austin","44, 20, 17"
2026-02-27T00:23:52.117056,1,2026-02-27,lineup_change,"Allisha Gray, Skylar Diggins, Shakira Austin","44, 20, 17"
2026-02-27T00:54:48.374890,8,2026-02-27,lineup_change,"Dearica Hamby, Azura Stevens, Jordin Canada","27, 15, 34"
2026-02-27T01:14:09.580128,2,2026-02-27,lineup_change,"Breanna Stewart, Kahleah Copper, Dominique Malonga","43, 14, 3"
2026-02-27T03:02:00.657422,5,2026-02-27,lineup_change,"Paige Bueckers, Veronica Burton, Brittney Sykes","1, 46, 32"
2026-02-27T03:03:18.993636,5,2026-02-27,lineup_change,"Paige Bueckers, Veronica Burton, Brittney Sykes","1, 46, 32"
2026-02-27T03:03:20.698335,5,2026-02-27,lineup_change,"Paige Bueckers, Veronica Burton, Brittney Sykes","1, 46, 32"
